direction,rank,bait,prey,mssEffect,r_DMSO,r_Vorino,delta_r,concordant
down/lost,1,CHD4,CDK2AP1,down,0.13000826427167692,0.225764686420249,0.09575642214857208,False
down/lost,2,YWHAQ,FAM184B,lost,0.0008969993150897388,0.07405624778354299,0.07315924846845324,False
down/lost,3,BRPF1,CPSF3,down,0.09680851324048668,0.15784035835902058,0.06103184511853389,False
down/lost,4,YWHAE,MTA1,down,0.1460811401335995,0.18853208805411542,0.04245094792051593,False
down/lost,5,PPP1CA,RIF1,down,0.09774236944802898,0.13953371101594778,0.04179134156791879,False
down/lost,6,BARD1,ARPC3,down,0.14279173652449545,0.18211976446049852,0.03932802793600307,False
down/lost,7,BAP1,ARPC1B,down,0.15985056160902594,0.19502994668822818,0.035179385079202236,False
down/lost,8,HDAC1,MBD3,down,0.1663282852431712,0.19914056307327552,0.03281227783010432,False
down/lost,9,YWHAE,MBD3,down,0.1688368114298685,0.2013649586301962,0.032528147200327706,False
down/lost,10,HDAC7,UHRF1,down,0.15278723999843202,0.1829556897144951,0.030168449716063084,False
down/lost,11,HDAC3,HMGN2,down,0.10506955434368569,0.13446656225158046,0.029397007907894776,False
down/lost,12,BRPF1,IMMT,down,0.13835205429826342,0.16512115483225598,0.026769100533992563,False
down/lost,13,MSL1,MSL3,down,0.048030847289602906,0.07325391475774223,0.025223067468139328,False
down/lost,14,BARD1,ARPC4,down,0.17743453194844738,0.20026352800392377,0.02282899605547639,False
down/lost,15,MORF4L1,BRD8,down,0.14088610907720306,0.1629276103326586,0.022041501255455537,False
down/lost,16,HDAC3,NCOA5,down,0.18514524975303148,0.19587262563915978,0.010727375886128293,False
down/lost,17,HDAC2,HMG20B,down,0.1949662473709427,0.20556387994144912,0.010597632570506416,False
down/lost,18,MSL1,KAT8,down,0.13788386695025864,0.14061231664615795,0.0027284496958993043,False
down/lost,19,HDAC2,MBD3,down,0.21712029111164138,0.2185606368179779,0.0014403457063365266,False
down/lost,20,PRMT1,FAM184B,lost,0.08162333640528766,0.08155411894157986,-6.92174637077908e-05,True
down/lost,21,HDAC2,RCOR3,down,0.20013045063507345,0.19621506879049525,-0.0039153818445782085,True
down/lost,22,MORF4L1,MRGBP,down,0.1326595537713313,0.1268646970807715,-0.005794856690559791,True
down/lost,23,BAZ1B,MX2,down,0.16308651359903512,0.15461175020926066,-0.008474763389774459,True
down/lost,24,BARD1,ACTR2,down,0.17004273390682115,0.15505860293485726,-0.014984130971963883,True
down/lost,25,BAZ1B,IFIT3,down,0.17008705419441722,0.15179919827378427,-0.01828785592063295,True
down/lost,26,BAZ1B,PARP12,down,0.17080112304689188,0.14821592009052886,-0.022585202956363015,True
down/lost,27,KAT2A,TADA2A,down,0.23710476761869545,0.21268547959694498,-0.024419288021750474,True
down/lost,28,MSL1,MSL2,down,0.14380486098246364,0.11370240005745871,-0.03010246092500493,True
down/lost,29,PIM1,MTA1,down,0.20199769606128423,0.16829256476894708,-0.033705131292337154,True
down/lost,30,HDAC3,SMARCC1,down,0.16649304357038708,0.13118604497838815,-0.03530699859199893,True
down/lost,31,SMARCA4,DPF2,down,0.21409978445314903,0.1716382024758644,-0.04246158197728464,True
down/lost,32,PIM1,RBBP4,down,0.22037947190690949,0.17685813147033103,-0.04352134043657846,True
down/lost,33,PPP1CC,GAK,down,0.1843596487047028,0.14043713973884583,-0.04392250896585698,True
down/lost,34,HDAC2,RBBP4,down,0.22745911110097428,0.18101192730687346,-0.046447183794100816,True
down/lost,35,PIM1,GATAD2B,down,0.2032456425870738,0.1513779053146199,-0.05186773727245392,True
down/lost,36,HDAC1,GATAD2B,down,0.21464378181763702,0.1522781591163951,-0.06236562270124191,True
down/lost,37,PIM1,MBD3,down,0.2615747838440965,0.16011440021478754,-0.10146038362930895,True
up/gained,1,YWHAE,GIT2,up,0.14833890144602274,0.2493791868127458,0.10104028536672305,True
up/gained,2,YWHAE,TK1,gained,0.15217085256274798,0.2469162388200962,0.09474538625734821,True
up/gained,3,YWHAE,YWHAG,up,0.12288389357825823,0.21506101470549005,0.09217712112723182,True
up/gained,4,PRMT1,STRBP,up,0.12613423523168546,0.21623388934326124,0.09009965411157578,True
up/gained,5,YWHAG,EML3,up,0.16442826775861613,0.25373027441689205,0.08930200665827592,True
up/gained,6,YWHAE,EML3,up,0.1798160083223708,0.26682996276025955,0.08701395443788876,True
up/gained,7,PRMT1,PRKACA,up,0.13672223690556512,0.21564298126379522,0.0789207443582301,True
up/gained,8,YWHAE,CORO1A,gained,0.15559338899809755,0.23157158450539952,0.07597819550730198,True
up/gained,9,HDAC7,CTTNBP2NL,up,0.13693379679334075,0.21126838731364977,0.07433459052030902,True
up/gained,10,YWHAE,MYCBP2,up,0.1396061086447684,0.21370140608602406,0.07409529744125565,True
up/gained,11,PRMT1,S100A9,up,0.10310009167805949,0.17200272022306706,0.06890262854500757,True
up/gained,12,YWHAE,HAT1,up,0.08822860275929412,0.1529906393246153,0.06476203656532117,True
up/gained,13,YWHAE,SYNJ2,up,0.1482538064010343,0.21211346529966543,0.06385965889863113,True
up/gained,14,YWHAG,BAD,up,0.17273917086827825,0.23302861250678797,0.060289441638509716,True
up/gained,15,YWHAE,PAK1,gained,0.15153532927461646,0.206884503374491,0.055349174099874526,True
up/gained,16,PPP1CA,PARP1,up,0.13446388959036099,0.1825818451931262,0.04811795560276522,True
up/gained,17,PPP4C,CCDC6,up,0.0994501241572623,0.1467618998237242,0.0473117756664619,True
up/gained,18,PRMT1,ZNF706,gained,0.12214208774499521,0.16898336310585896,0.04684127536086374,True
up/gained,19,AURKB,CSRP2,up,0.10807493279607237,0.1542275713847611,0.04615263858868872,True
up/gained,20,PIM1,CALCOCO1,gained,0.1454436377751881,0.18871179877690408,0.04326816100171599,True
up/gained,21,YWHAE,CAMSAP3,up,0.16094749029293137,0.2038249617199,0.04287747142696863,True
up/gained,22,PRMT1,CSNK2A2,up,0.17787125757228903,0.21866030205077813,0.040789044478489106,True
up/gained,23,PPP1CA,HMGN1,up,0.15078437814604673,0.18826774605739763,0.0374833679113509,True
up/gained,24,YWHAE,CNN3,up,0.1600689527623347,0.1944851274366517,0.034416174674316985,True
up/gained,25,SIRT2,TUBB2B,gained,0.16088278981693202,0.19366965594885657,0.03278686613192455,True
up/gained,26,PPP1CA,TP53BP2,up,0.15017558296873268,0.17511008167709144,0.02493449870835876,True
up/gained,27,YWHAG,C1orf116,up,0.17618845349210197,0.19946313855529338,0.023274685063191414,True
up/gained,28,AURKB,CCN1,up,0.11546849953751909,0.13867395379154085,0.023205454254021762,True
up/gained,29,PPP1CC,EPPK1,up,0.15320819369828112,0.17246072857727207,0.01925253487899095,True
up/gained,30,BARD1,CITED2,up,0.22343357366186942,0.24192957546792046,0.018496001806051043,True
up/gained,31,MSL1,EPS15,up,0.10894280733393073,0.12643641583230997,0.017493608498379234,True
up/gained,32,YWHAE,WDR7,up,0.18622506702039382,0.20185876366480543,0.01563369664441161,True
up/gained,33,HDAC3,CCN1,up,0.17089573652611575,0.18572139208438396,0.014825655558268203,True
up/gained,34,YWHAE,GIT1,up,0.20426628214693895,0.2149431938828932,0.010676911735954253,True
up/gained,35,SMARCA4,AP2M1,up,0.21129267216932038,0.22021692972516094,0.008924257555840559,True
up/gained,36,PIM1,GPRC5A,up,0.13750447501189314,0.1439339832469102,0.006429508235017062,True
up/gained,37,HDAC3,CITED2,up,0.17880905783134632,0.1766324918127087,-0.00217656601863761,False
up/gained,38,AURKB,FBXO46,up,0.1167449166375425,0.11324488550886445,-0.003500031128678041,False
up/gained,39,MSL1,HIP1,up,0.08456464174405594,0.07220963692806324,-0.012355004815992693,False
up/gained,40,YWHAE,CDR2L,gained,0.18712815240191702,0.1718059583152978,-0.015322194086619223,False
up/gained,41,YWHAQ,PFKFB2,up,0.1279737018019816,0.10619310228787777,-0.021780599514103813,False
up/gained,42,PPP1CA,PPP1R13L,up,0.19203803584189885,0.16659877810689414,-0.025439257735004717,False
up/gained,43,SMARCA4,EPS15,up,0.1729974165513124,0.14521959547703572,-0.027777821074276676,False
up/gained,44,BARD1,FXR2,up,0.21703276125491242,0.17152961826065444,-0.04550314299425798,False
up/gained,45,PRMT1,MYCN,gained,0.15547358216985532,0.09435732276175275,-0.06111625940810257,False
up/gained,46,SMARCA4,GNAI2,up,0.23567500668699337,0.1742146197218887,-0.06146038696510467,False
