norm,metric,gene_set,n_genes,mean_sim_D,mean_sim_V,n_known,n_concordant,pct_all,n_up,n_up_conc,pct_up,n_dn,n_dn_conc,pct_dn,binom_p
Z-norm,Pearson,DMSO 500,500,0.12003193973945848,0.11054719719625054,83,53,63.855421686746986,46,28,60.869565217391305,37,25,67.56756756756756,0.007616100930997331
Z-norm,Pearson,Vorino 500,500,0.09899921212439401,0.11941547272539235,83,51,61.44578313253012,46,35,76.08695652173913,37,16,43.24324324324324,0.023762444628265912
Z-norm,Pearson,Union 500,941,0.16121225540018227,0.18105744948919925,83,49,59.036144578313255,46,33,71.73913043478261,37,16,43.24324324324324,0.06192652973090074
Z-norm,Pearson,Intersect 500,59,0.1457141691077837,0.10388656789274937,83,42,50.602409638554214,46,19,41.30434782608695,37,23,62.16216216216216,0.4999999999999998
Z-norm,Pearson,DMSO 1000,1000,0.11823984528271607,0.12483945084479496,83,53,63.855421686746986,46,32,69.56521739130434,37,21,56.75675675675676,0.007616100930997331
Z-norm,Pearson,Vorino 1000,1000,0.10936350265705362,0.1361277950945763,83,57,68.67469879518072,46,38,82.6086956521739,37,19,51.351351351351354,0.00043877589000143255
Z-norm,Pearson,Union 1000,1861,0.15733229363962511,0.17544206274685623,83,54,65.06024096385542,46,36,78.26086956521739,37,18,48.648648648648646,0.004018353188928501
Z-norm,Pearson,Intersect 1000,139,0.11061310142932855,0.11786792540341126,83,38,45.78313253012048,46,22,47.82608695652174,37,16,43.24324324324324,0.8100003017940409
Z-norm,Pearson,DMSO 2000,2000,0.12451794229943605,0.14050688454256982,83,52,62.65060240963855,46,34,73.91304347826087,37,18,48.648648648648646,0.013767089006147266
Z-norm,Pearson,Vorino 2000,2000,0.12305047489493419,0.15131347713524565,83,54,65.06024096385542,46,38,82.6086956521739,37,16,43.24324324324324,0.004018353188928501
Z-norm,Pearson,Union 2000,3669,0.15302885250681028,0.1756801784059564,83,55,66.26506024096386,46,40,86.95652173913044,37,15,40.54054054054054,0.0020196044433347065
Z-norm,Pearson,Intersect 2000,331,0.10623816596956914,0.11913984644186366,83,51,61.44578313253012,46,32,69.56521739130434,37,19,51.351351351351354,0.023762444628265912
Z-norm,Pearson,Union 3000,5437,0.15238078844561656,0.17253912282307188,83,56,67.46987951807229,46,40,86.95652173913044,37,16,43.24324324324324,0.0009657187411125238
Z-norm,Pearson,Intersect 3000,563,0.10717990177539968,0.12085909924085572,83,48,57.83132530120482,46,32,69.56521739130434,37,16,43.24324324324324,0.09372993398309643
Z-norm,Pearson,Union 5000,8803,0.15023289630481704,0.16616367280517028,83,53,63.855421686746986,46,39,84.78260869565217,37,14,37.83783783783784,0.007616100930997331
Z-norm,Pearson,Intersect 5000,1197,0.12269488140510117,0.14166972763539584,83,51,61.44578313253012,46,37,80.43478260869566,37,14,37.83783783783784,0.023762444628265912
Z-norm,Pearson,All Genes,35204,0.15357234714837623,0.1656381183406677,83,50,60.24096385542169,46,38,82.6086956521739,37,12,32.432432432432435,0.03920981240790382
Z-norm,Spearman,DMSO 500,500,0.14278729588175829,0.16321575773781757,83,47,56.626506024096386,46,32,69.56521739130434,37,15,40.54054054054054,0.136134472986024
Z-norm,Spearman,Vorino 500,500,0.15830509519341265,0.13807134128465454,83,36,43.373493975903614,46,17,36.95652173913044,37,19,51.351351351351354,0.9062700660169036
Z-norm,Spearman,Union 500,941,0.18159196389176283,0.20410101653145596,83,47,56.626506024096386,46,32,69.56521739130434,37,15,40.54054054054054,0.136134472986024
Z-norm,Spearman,Intersect 500,59,0.20112519926637734,0.12857998752208566,83,42,50.602409638554214,46,17,36.95652173913044,37,25,67.56756756756756,0.4999999999999998
Z-norm,Spearman,DMSO 1000,1000,0.13635074232565153,0.16063802131463245,83,49,59.036144578313255,46,34,73.91304347826087,37,15,40.54054054054054,0.06192652973090074
Z-norm,Spearman,Vorino 1000,1000,0.15942441172641236,0.14638661994786903,83,42,50.602409638554214,46,17,36.95652173913044,37,25,67.56756756756756,0.4999999999999998
Z-norm,Spearman,Union 1000,1861,0.17051167248707197,0.18275413263218127,83,46,55.42168674698795,46,31,67.3913043478261,37,15,40.54054054054054,0.18999969820595902
Z-norm,Spearman,Intersect 1000,139,0.1414543629703599,0.15452509060040284,83,44,53.01204819277108,46,27,58.69565217391305,37,17,45.945945945945944,0.3304418238806077
Z-norm,Spearman,DMSO 2000,2000,0.12698212733308126,0.1591900361372593,83,50,60.24096385542169,46,39,84.78260869565217,37,11,29.72972972972973,0.03920981240790382
Z-norm,Spearman,Vorino 2000,2000,0.15422566715125213,0.15184183706718843,83,51,61.44578313253012,46,29,63.04347826086956,37,22,59.45945945945946,0.023762444628265912
Z-norm,Spearman,Union 2000,3669,0.15472107778935967,0.17172620779564063,83,45,54.21686746987952,46,34,73.91304347826087,37,11,29.72972972972973,0.2552049708406172
Z-norm,Spearman,Intersect 2000,331,0.119818808523588,0.14609727800320407,83,46,55.42168674698795,46,31,67.3913043478261,37,15,40.54054054054054,0.18999969820595902
Z-norm,Spearman,Union 3000,5437,0.14859306009646256,0.16387659570231464,83,49,59.036144578313255,46,35,76.08695652173913,37,14,37.83783783783784,0.06192652973090074
Z-norm,Spearman,Intersect 3000,563,0.11450112752728044,0.13602309263091822,83,47,56.626506024096386,46,30,65.21739130434783,37,17,45.945945945945944,0.136134472986024
Z-norm,Spearman,Union 5000,8803,0.1435026094782212,0.15406100992885557,83,46,55.42168674698795,46,32,69.56521739130434,37,14,37.83783783783784,0.18999969820595902
Z-norm,Spearman,Intersect 5000,1197,0.12031241624667129,0.14345006343698205,83,50,60.24096385542169,46,36,78.26086956521739,37,14,37.83783783783784,0.03920981240790382
Z-norm,Spearman,All Genes,35204,0.17031790238700953,0.1746779241634392,83,49,59.036144578313255,46,31,67.3913043478261,37,18,48.648648648648646,0.06192652973090074
Z-norm,Cosine,DMSO 500,500,0.21384527974886816,0.1100067110816686,83,34,40.963855421686745,46,0,0.0,37,34,91.89189189189189,0.9607901875920962
Z-norm,Cosine,Vorino 500,500,0.09952975482993423,0.24905366352069597,83,47,56.626506024096386,46,44,95.65217391304348,37,3,8.108108108108109,0.136134472986024
Z-norm,Cosine,Union 500,941,0.19729022057836362,0.22950282776481934,83,52,62.65060240963855,46,37,80.43478260869566,37,15,40.54054054054054,0.013767089006147266
Z-norm,Cosine,Intersect 500,59,0.14142617503413926,0.10791440587081061,83,40,48.19277108433735,46,17,36.95652173913044,37,23,62.16216216216216,0.6695581761193923
Z-norm,Cosine,DMSO 1000,1000,0.19887722070613076,0.12486548825552159,83,37,44.57831325301205,46,3,6.521739130434782,37,34,91.89189189189189,0.863865527013976
Z-norm,Cosine,Vorino 1000,1000,0.10968730070133928,0.23588632583884206,83,45,54.21686746987952,46,45,97.82608695652173,37,0,0.0,0.2552049708406172
Z-norm,Cosine,Union 1000,1861,0.18631033875985528,0.21611253974691055,83,55,66.26506024096386,46,38,82.6086956521739,37,17,45.945945945945944,0.0020196044433347065
Z-norm,Cosine,Intersect 1000,139,0.118957859613847,0.1292411378468243,83,43,51.80722891566265,46,26,56.52173913043478,37,17,45.945945945945944,0.41320236222459616
Z-norm,Cosine,DMSO 2000,2000,0.18506265077401113,0.14092854142550798,83,42,50.602409638554214,46,11,23.91304347826087,37,31,83.78378378378379,0.4999999999999998
Z-norm,Cosine,Vorino 2000,2000,0.12294759458585838,0.21886253148228768,83,46,55.42168674698795,46,46,100.0,37,0,0.0,0.18999969820595902
Z-norm,Cosine,Union 2000,3669,0.172936284537433,0.19998918537369417,83,51,61.44578313253012,46,37,80.43478260869566,37,14,37.83783783783784,0.023762444628265912
Z-norm,Cosine,Intersect 2000,331,0.13672515245406147,0.15735652678418202,83,53,63.855421686746986,46,35,76.08695652173913,37,18,48.648648648648646,0.007616100930997331
Z-norm,Cosine,Union 3000,5437,0.1661290599281062,0.18932058263219148,83,50,60.24096385542169,46,38,82.6086956521739,37,12,32.432432432432435,0.03920981240790382
Z-norm,Cosine,Intersect 3000,563,0.13687261016489244,0.15774837942014686,83,49,59.036144578313255,46,34,73.91304347826087,37,15,40.54054054054054,0.06192652973090074
Z-norm,Cosine,Union 5000,8803,0.15823452266345928,0.17576508907611058,83,51,61.44578313253012,46,38,82.6086956521739,37,13,35.13513513513514,0.023762444628265912
Z-norm,Cosine,Intersect 5000,1197,0.14452770668815368,0.1665900287053796,83,49,59.036144578313255,46,35,76.08695652173913,37,14,37.83783783783784,0.06192652973090074
Z-norm,Cosine,All Genes,35204,0.1535264608187266,0.16543083924185276,83,49,59.036144578313255,46,37,80.43478260869566,37,12,32.432432432432435,0.06192652973090074
CPM only,Pearson,DMSO 500,500,0.9977605329564554,0.9971577903142747,83,42,50.602409638554214,46,10,21.73913043478261,37,32,86.48648648648648,0.4999999999999998
CPM only,Pearson,Vorino 500,500,0.9961589515637731,0.9960128594215649,83,44,53.01204819277108,46,18,39.130434782608695,37,26,70.27027027027027,0.3304418238806077
CPM only,Pearson,Union 500,941,0.9975461779470538,0.9969045169125705,83,43,51.80722891566265,46,10,21.73913043478261,37,33,89.1891891891892,0.41320236222459616
CPM only,Pearson,Intersect 500,59,0.9909745534859912,0.9910374399484886,83,36,43.373493975903614,46,16,34.78260869565217,37,20,54.054054054054056,0.9062700660169036
CPM only,Pearson,DMSO 1000,1000,0.9977278022218242,0.9967271436074696,83,40,48.19277108433735,46,5,10.869565217391305,37,35,94.5945945945946,0.6695581761193923
CPM only,Pearson,Vorino 1000,1000,0.9972943748182036,0.9970388273050252,83,42,50.602409638554214,46,17,36.95652173913044,37,25,67.56756756756756,0.4999999999999998
CPM only,Pearson,Union 1000,1861,0.9975392726522001,0.9966367109162959,83,41,49.397590361445786,46,6,13.043478260869565,37,35,94.5945945945946,0.5867976377754038
CPM only,Pearson,Intersect 1000,139,0.9962610076980947,0.9962614980581443,83,35,42.16867469879518,46,15,32.608695652173914,37,20,54.054054054054056,0.9380734702690993
CPM only,Pearson,DMSO 2000,2000,0.9970955131769709,0.9961562532469932,83,38,45.78313253012048,46,3,6.521739130434782,37,35,94.5945945945946,0.8100003017940409
CPM only,Pearson,Vorino 2000,2000,0.9970309325577003,0.9965285565062791,83,47,56.626506024096386,46,17,36.95652173913044,37,30,81.08108108108108,0.136134472986024
CPM only,Pearson,Union 2000,3669,0.9969228353472089,0.9960840101628355,83,44,53.01204819277108,46,8,17.391304347826086,37,36,97.29729729729729,0.3304418238806077
CPM only,Pearson,Intersect 2000,331,0.9974861210785135,0.9972851606805367,83,43,51.80722891566265,46,17,36.95652173913044,37,26,70.27027027027027,0.41320236222459616
CPM only,Pearson,Union 3000,5437,0.9959503231293193,0.9949998490065349,83,42,50.602409638554214,46,6,13.043478260869565,37,36,97.29729729729729,0.4999999999999998
CPM only,Pearson,Intersect 3000,563,0.9972408554487712,0.9969157724206216,83,45,54.21686746987952,46,19,41.30434782608695,37,26,70.27027027027027,0.2552049708406172
CPM only,Pearson,Union 5000,8803,0.9939922945674806,0.9926240055460471,83,44,53.01204819277108,46,9,19.565217391304348,37,35,94.5945945945946,0.3304418238806077
CPM only,Pearson,Intersect 5000,1197,0.9957784060773219,0.9950633139313401,83,43,51.80722891566265,46,14,30.434782608695652,37,29,78.37837837837837,0.41320236222459616
CPM only,Pearson,All Genes,35204,0.9934645719348206,0.9920495338976786,83,44,53.01204819277108,46,9,19.565217391304348,37,35,94.5945945945946,0.3304418238806077
CPM only,Spearman,DMSO 500,500,0.6111622453978537,0.7980265970457419,83,46,55.42168674698795,46,46,100.0,37,0,0.0,0.18999969820595902
CPM only,Spearman,Vorino 500,500,0.673227692915786,0.48697230118666984,83,37,44.57831325301205,46,0,0.0,37,37,100.0,0.863865527013976
CPM only,Spearman,Union 500,941,0.5921507900785874,0.6217517414718337,83,50,60.24096385542169,46,39,84.78260869565217,37,11,29.72972972972973,0.03920981240790382
CPM only,Spearman,Intersect 500,59,0.9724757036731775,0.9752943326907871,83,41,49.397590361445786,46,30,65.21739130434783,37,11,29.72972972972973,0.5867976377754038
CPM only,Spearman,DMSO 1000,1000,0.6068937232909813,0.7877499991475518,83,46,55.42168674698795,46,46,100.0,37,0,0.0,0.18999969820595902
CPM only,Spearman,Vorino 1000,1000,0.710865621025058,0.5514576762470841,83,37,44.57831325301205,46,0,0.0,37,37,100.0,0.863865527013976
CPM only,Spearman,Union 1000,1861,0.6287282713432767,0.6569903111534288,83,47,56.626506024096386,46,42,91.30434782608695,37,5,13.513513513513514,0.136134472986024
CPM only,Spearman,Intersect 1000,139,0.9134327313561726,0.921918918235292,83,51,61.44578313253012,46,34,73.91304347826087,37,17,45.945945945945944,0.023762444628265912
CPM only,Spearman,DMSO 2000,2000,0.7452495980379272,0.8379373732520258,83,46,55.42168674698795,46,46,100.0,37,0,0.0,0.18999969820595902
CPM only,Spearman,Vorino 2000,2000,0.7921038970245141,0.6929862352198132,83,37,44.57831325301205,46,0,0.0,37,37,100.0,0.863865527013976
CPM only,Spearman,Union 2000,3669,0.7679695399964729,0.7721512831827949,83,57,68.67469879518072,46,36,78.26086956521739,37,21,56.75675675675676,0.00043877589000143255
CPM only,Spearman,Intersect 2000,331,0.7866926849529363,0.7986103842842075,83,47,56.626506024096386,46,33,71.73913043478261,37,14,37.83783783783784,0.136134472986024
CPM only,Spearman,Union 3000,5437,0.8543768929740534,0.8519563240567068,83,58,69.87951807228916,46,30,65.21739130434783,37,28,75.67567567567568,0.00018917138158038935
CPM only,Spearman,Intersect 3000,563,0.8189926817513239,0.8312954092166713,83,48,57.83132530120482,46,35,76.08695652173913,37,13,35.13513513513514,0.09372993398309643
CPM only,Spearman,Union 5000,8803,0.9267554501525922,0.9228714318363487,83,53,63.855421686746986,46,21,45.65217391304348,37,32,86.48648648648648,0.007616100930997331
CPM only,Spearman,Intersect 5000,1197,0.8993862823309078,0.9075385980148237,83,54,65.06024096385542,46,43,93.47826086956522,37,11,29.72972972972973,0.004018353188928501
CPM only,Spearman,All Genes,35204,0.9321949782761475,0.9246911452970368,83,37,44.57831325301205,46,1,2.1739130434782608,37,36,97.29729729729729,0.863865527013976
CPM only,Cosine,DMSO 500,500,0.99821281424768,0.9977903857551288,83,44,53.01204819277108,46,12,26.08695652173913,37,32,86.48648648648648,0.3304418238806077
CPM only,Cosine,Vorino 500,500,0.9966443721538565,0.9965400629224253,83,44,53.01204819277108,46,18,39.130434782608695,37,26,70.27027027027027,0.3304418238806077
CPM only,Cosine,Union 500,941,0.9978636478569414,0.9973472331185365,83,42,50.602409638554214,46,10,21.73913043478261,37,32,86.48648648648648,0.4999999999999998
CPM only,Cosine,Intersect 500,59,0.9973066685813853,0.9974897646637338,83,38,45.78313253012048,46,18,39.130434782608695,37,20,54.054054054054056,0.8100003017940409
CPM only,Cosine,DMSO 1000,1000,0.9981047209876153,0.9973530190713956,83,42,50.602409638554214,46,8,17.391304347826086,37,34,91.89189189189189,0.4999999999999998
CPM only,Cosine,Vorino 1000,1000,0.997679022536061,0.9974798159035513,83,42,50.602409638554214,46,17,36.95652173913044,37,25,67.56756756756756,0.4999999999999998
CPM only,Cosine,Union 1000,1861,0.9978561909394384,0.9971278342759051,83,42,50.602409638554214,46,7,15.217391304347826,37,35,94.5945945945946,0.4999999999999998
CPM only,Cosine,Intersect 1000,139,0.9981140525081251,0.99815758207472,83,34,40.963855421686745,46,15,32.608695652173914,37,19,51.351351351351354,0.9607901875920962
CPM only,Cosine,DMSO 2000,2000,0.9976719780459603,0.9970144129849011,83,40,48.19277108433735,46,5,10.869565217391305,37,35,94.5945945945946,0.6695581761193923
CPM only,Cosine,Vorino 2000,2000,0.9975924787991888,0.9972139943734466,83,48,57.83132530120482,46,18,39.130434782608695,37,30,81.08108108108108,0.09372993398309643
CPM only,Cosine,Union 2000,3669,0.9974929861925382,0.9968799661377968,83,45,54.21686746987952,46,9,19.565217391304348,37,36,97.29729729729729,0.2552049708406172
CPM only,Cosine,Intersect 2000,331,0.9982471987070668,0.9981238128319155,83,43,51.80722891566265,46,17,36.95652173913044,37,26,70.27027027027027,0.41320236222459616
CPM only,Cosine,Union 3000,5437,0.9969343721623583,0.9962977096811167,83,46,55.42168674698795,46,10,21.73913043478261,37,36,97.29729729729729,0.18999969820595902
CPM only,Cosine,Intersect 3000,563,0.998052807110034,0.9978584402741056,83,44,53.01204819277108,46,19,41.30434782608695,37,25,67.56756756756756,0.3304418238806077
CPM only,Cosine,Union 5000,8803,0.9959588268478129,0.9951466192392406,83,46,55.42168674698795,46,11,23.91304347826087,37,35,94.5945945945946,0.18999969820595902
CPM only,Cosine,Intersect 5000,1197,0.9972205921888405,0.996835000436753,83,46,55.42168674698795,46,17,36.95652173913044,37,29,78.37837837837837,0.18999969820595902
CPM only,Cosine,All Genes,35204,0.9951092748833442,0.9941197103435273,83,45,54.21686746987952,46,10,21.73913043478261,37,35,94.5945945945946,0.2552049708406172
Raw,Pearson,DMSO 500,500,0.998319971739312,0.99850581028562,83,53,63.855421686746986,46,31,67.3913043478261,37,22,59.45945945945946,0.007616100930997331
Raw,Pearson,Vorino 500,500,0.9978863941896567,0.9978866073462338,83,46,55.42168674698795,46,29,63.04347826086956,37,17,45.945945945945944,0.18999969820595902
Raw,Pearson,Union 500,941,0.9983641906591971,0.998481717570364,83,51,61.44578313253012,46,29,63.04347826086956,37,22,59.45945945945946,0.023762444628265912
Raw,Pearson,Intersect 500,59,0.9972264588036088,0.9978583296507695,83,45,54.21686746987952,46,35,76.08695652173913,37,10,27.027027027027028,0.2552049708406172
Raw,Pearson,DMSO 1000,1000,0.9981856873685004,0.9983767983646945,83,47,56.626506024096386,46,28,60.869565217391305,37,19,51.351351351351354,0.136134472986024
Raw,Pearson,Vorino 1000,1000,0.9986869327370123,0.998652524018344,83,51,61.44578313253012,46,25,54.34782608695652,37,26,70.27027027027027,0.023762444628265912
Raw,Pearson,Union 1000,1861,0.9981993594956947,0.9983692864939874,83,49,59.036144578313255,46,28,60.869565217391305,37,21,56.75675675675676,0.06192652973090074
Raw,Pearson,Intersect 1000,139,0.998459361425075,0.9984878234813737,83,53,63.855421686746986,46,28,60.869565217391305,37,25,67.56756756756756,0.007616100930997331
Raw,Pearson,DMSO 2000,2000,0.9980607139054108,0.9980166727045254,83,47,56.626506024096386,46,25,54.34782608695652,37,22,59.45945945945946,0.136134472986024
Raw,Pearson,Vorino 2000,2000,0.9982428477766128,0.9979435693723239,83,46,55.42168674698795,46,22,47.82608695652174,37,24,64.86486486486487,0.18999969820595902
Raw,Pearson,Union 2000,3669,0.9979277166944714,0.9979161670042676,83,51,61.44578313253012,46,29,63.04347826086956,37,22,59.45945945945946,0.023762444628265912
Raw,Pearson,Intersect 2000,331,0.9985243141090592,0.9981858069749493,83,46,55.42168674698795,46,20,43.47826086956522,37,26,70.27027027027027,0.18999969820595902
Raw,Pearson,Union 3000,5437,0.9976738003969288,0.9976747315533573,83,54,65.06024096385542,46,33,71.73913043478261,37,21,56.75675675675676,0.004018353188928501
Raw,Pearson,Intersect 3000,563,0.9980865032566683,0.9974435691095976,83,43,51.80722891566265,46,19,41.30434782608695,37,24,64.86486486486487,0.41320236222459616
Raw,Pearson,Union 5000,8803,0.9976543392708241,0.9981175535206014,83,49,59.036144578313255,46,36,78.26086956521739,37,13,35.13513513513514,0.06192652973090074
Raw,Pearson,Intersect 5000,1197,0.9976500804336836,0.9969719988051781,83,46,55.42168674698795,46,20,43.47826086956522,37,26,70.27027027027027,0.18999969820595902
Raw,Pearson,All Genes,35204,0.9964703570812843,0.9971734532945532,83,44,53.01204819277108,46,32,69.56521739130434,37,12,32.432432432432435,0.3304418238806077
Raw,Spearman,DMSO 500,500,0.619757293711008,0.802509117263285,83,46,55.42168674698795,46,46,100.0,37,0,0.0,0.18999969820595902
Raw,Spearman,Vorino 500,500,0.677282506880929,0.49841366962001765,83,37,44.57831325301205,46,0,0.0,37,37,100.0,0.863865527013976
Raw,Spearman,Union 500,941,0.5980353873880258,0.6301620058462716,83,50,60.24096385542169,46,40,86.95652173913044,37,10,27.027027027027028,0.03920981240790382
Raw,Spearman,Intersect 500,59,0.9749432651858555,0.9779574154607843,83,43,51.80722891566265,46,29,63.04347826086956,37,14,37.83783783783784,0.41320236222459616
Raw,Spearman,DMSO 1000,1000,0.614428638752797,0.7926130326575488,83,46,55.42168674698795,46,46,100.0,37,0,0.0,0.18999969820595902
Raw,Spearman,Vorino 1000,1000,0.7147381819720572,0.5618932781749428,83,37,44.57831325301205,46,0,0.0,37,37,100.0,0.863865527013976
Raw,Spearman,Union 1000,1861,0.6340799389596018,0.6649238968980395,83,48,57.83132530120482,46,43,93.47826086956522,37,5,13.513513513513514,0.09372993398309643
Raw,Spearman,Intersect 1000,139,0.9171725648244494,0.9255979554557566,83,47,56.626506024096386,46,33,71.73913043478261,37,14,37.83783783783784,0.136134472986024
Raw,Spearman,DMSO 2000,2000,0.750614068520597,0.8422744757622634,83,46,55.42168674698795,46,46,100.0,37,0,0.0,0.18999969820595902
Raw,Spearman,Vorino 2000,2000,0.7951008872098706,0.7010399217917337,83,37,44.57831325301205,46,0,0.0,37,37,100.0,0.863865527013976
Raw,Spearman,Union 2000,3669,0.7718811628785711,0.7781947583159519,83,58,69.87951807228916,46,38,82.6086956521739,37,20,54.054054054054056,0.00018917138158038935
Raw,Spearman,Intersect 2000,331,0.7925004788911763,0.8056174406798,83,43,51.80722891566265,46,33,71.73913043478261,37,10,27.027027027027028,0.41320236222459616
Raw,Spearman,Union 3000,5437,0.857051142689078,0.8561860716226356,83,59,71.08433734939759,46,32,69.56521739130434,37,27,72.97297297297297,7.727970539164584e-05
Raw,Spearman,Intersect 3000,563,0.8246765788065025,0.837181655442403,83,46,55.42168674698795,46,35,76.08695652173913,37,11,29.72972972972973,0.18999969820595902
Raw,Spearman,Union 5000,8803,0.9281818236611887,0.9252781620285648,83,55,66.26506024096386,46,25,54.34782608695652,37,30,81.08108108108108,0.0020196044433347065
Raw,Spearman,Intersect 5000,1197,0.9021850415372016,0.9108865755527147,83,54,65.06024096385542,46,43,93.47826086956522,37,11,29.72972972972973,0.004018353188928501
Raw,Spearman,All Genes,35204,0.9324859259735482,0.9252881287078459,83,37,44.57831325301205,46,1,2.1739130434782608,37,36,97.29729729729729,0.863865527013976
Raw,Cosine,DMSO 500,500,0.9984671899522322,0.9986021266127527,83,52,62.65060240963855,46,30,65.21739130434783,37,22,59.45945945945946,0.013767089006147266
Raw,Cosine,Vorino 500,500,0.9979846740107534,0.9979801907746876,83,46,55.42168674698795,46,29,63.04347826086956,37,17,45.945945945945944,0.18999969820595902
Raw,Cosine,Union 500,941,0.9984445312181754,0.9985375545903116,83,51,61.44578313253012,46,29,63.04347826086956,37,22,59.45945945945946,0.023762444628265912
Raw,Cosine,Intersect 500,59,0.9981291779682799,0.9984779784410894,83,45,54.21686746987952,46,32,69.56521739130434,37,13,35.13513513513514,0.2552049708406172
Raw,Cosine,DMSO 1000,1000,0.9982991706907759,0.9984553403309163,83,49,59.036144578313255,46,28,60.869565217391305,37,21,56.75675675675676,0.06192652973090074
Raw,Cosine,Vorino 1000,1000,0.9987432324236682,0.9987109622023694,83,51,61.44578313253012,46,25,54.34782608695652,37,26,70.27027027027027,0.023762444628265912
Raw,Cosine,Union 1000,1861,0.9982696388834656,0.9984191163653413,83,47,56.626506024096386,46,26,56.52173913043478,37,21,56.75675675675676,0.136134472986024
Raw,Cosine,Intersect 1000,139,0.9988145692392641,0.9988236072895734,83,53,63.855421686746986,46,28,60.869565217391305,37,25,67.56756756756756,0.007616100930997331
Raw,Cosine,DMSO 2000,2000,0.9981597149858108,0.9980983204280366,83,47,56.626506024096386,46,25,54.34782608695652,37,22,59.45945945945946,0.136134472986024
Raw,Cosine,Vorino 2000,2000,0.9983277698968314,0.9980495877263627,83,46,55.42168674698795,46,22,47.82608695652174,37,24,64.86486486486487,0.18999969820595902
Raw,Cosine,Union 2000,3669,0.9980095572722164,0.9979850369134862,83,50,60.24096385542169,46,28,60.869565217391305,37,22,59.45945945945946,0.03920981240790382
Raw,Cosine,Intersect 2000,331,0.9987332346731128,0.998435522322153,83,46,55.42168674698795,46,20,43.47826086956522,37,26,70.27027027027027,0.18999969820595902
Raw,Cosine,Union 3000,5437,0.9977825310427393,0.997769282122661,83,54,65.06024096385542,46,33,71.73913043478261,37,21,56.75675675675676,0.004018353188928501
Raw,Cosine,Intersect 3000,563,0.9983084337967902,0.9977345392926296,83,43,51.80722891566265,46,19,41.30434782608695,37,24,64.86486486486487,0.41320236222459616
Raw,Cosine,Union 5000,8803,0.997739374263376,0.9981628736763255,83,49,59.036144578313255,46,36,78.26086956521739,37,13,35.13513513513514,0.06192652973090074
Raw,Cosine,Intersect 5000,1197,0.9978663458113703,0.9972599930882795,83,46,55.42168674698795,46,20,43.47826086956522,37,26,70.27027027027027,0.18999969820595902
Raw,Cosine,All Genes,35204,0.996545213554068,0.9972105595521115,83,45,54.21686746987952,46,32,69.56521739130434,37,13,35.13513513513514,0.2552049708406172
