GeneInteraction,bait,prey,mssEffect,mss_direction,J_up_DMSO,J_up_Vorino,J_down_DMSO,J_down_Vorino,deltaJ_up,deltaJ_down,concordant_up,concordant_down,bait_in_DMSO,prey_in_DMSO,bait_in_Vorino,prey_in_Vorino
AURKB_CCN1,AURKB,CCN1,up,increase,0.0,0.07462686567164178,0.0,0.011904761904761904,0.07462686567164178,0.011904761904761904,True,True,True,True,True,True
AURKB_CSRP2,AURKB,CSRP2,up,increase,0.0625,0.15476190476190477,0.0,0.02040816326530612,0.09226190476190477,0.02040816326530612,True,True,True,True,True,True
AURKB_FBXO46,AURKB,FBXO46,up,increase,0.0,0.017857142857142856,0.11764705882352941,0.0,0.017857142857142856,-0.11764705882352941,True,False,True,True,True,True
AURKB_INCENP,AURKB,INCENP,insig,posctl,0.012987012987012988,0.2,0.015151515151515152,0.02127659574468085,0.18701298701298702,0.006125080593165699,,,True,True,True,True
BAP1_ARPC1B,BAP1,ARPC1B,down,decrease,0.041666666666666664,0.011363636363636364,0.0,0.029411764705882353,-0.0303030303030303,0.029411764705882353,True,False,True,True,True,True
BAP1_HCFC1,BAP1,HCFC1,insig,posctl,0.0,,0.0,,,,,,True,True,True,False
BARD1_ACTR2,BARD1,ACTR2,down,decrease,0.03225806451612903,0.05660377358490566,0.011904761904761904,0.04081632653061224,0.02434570906877663,0.028911564625850338,False,False,True,True,True,True
BARD1_ARPC3,BARD1,ARPC3,down,decrease,0.057971014492753624,0.02127659574468085,0.14516129032258066,0.0,-0.03669441874807278,-0.14516129032258066,True,True,True,True,True,True
BARD1_ARPC4,BARD1,ARPC4,down,decrease,0.013888888888888888,0.09016393442622951,0.012195121951219513,0.019230769230769232,0.07627504553734063,0.007035647279549719,False,False,True,True,True,True
BARD1_BRCA1,BARD1,BRCA1,insig,posctl,0.011111111111111112,0.0759493670886076,0.0380952380952381,0.02857142857142857,0.06483825597749648,-0.009523809523809528,,,True,True,True,True
BARD1_FXR2,BARD1,FXR2,up,increase,0.031914893617021274,0.04,0.06172839506172839,0.0,0.008085106382978727,-0.06172839506172839,True,False,True,True,True,True
BAZ1B_IFIT3,BAZ1B,IFIT3,down,decrease,0.016129032258064516,0.03333333333333333,0.08163265306122448,0.0,0.017204301075268817,-0.08163265306122448,False,True,True,True,True,True
BAZ1B_MX2,BAZ1B,MX2,down,decrease,0.041666666666666664,0.03389830508474576,0.0,0.0,-0.007768361581920902,0.0,True,False,True,True,True,True
BAZ1B_PARP12,BAZ1B,PARP12,down,decrease,0.02127659574468085,0.08823529411764706,0.019230769230769232,0.0,0.06695869837296621,-0.019230769230769232,False,True,True,True,True,True
BAZ1B_SMARCA5,BAZ1B,SMARCA5,insig,posctl,0.0,0.02631578947368421,0.0,0.0,0.02631578947368421,0.0,,,True,True,True,True
BRPF1_CPSF3,BRPF1,CPSF3,down,decrease,0.018691588785046728,0.0,0.0,0.05405405405405406,-0.018691588785046728,0.05405405405405406,True,False,True,True,True,True
BRPF1_IMMT,BRPF1,IMMT,down,decrease,0.0,0.0,0.023255813953488372,0.0,0.0,-0.023255813953488372,False,True,True,True,True,True
BRPF1_ING4,BRPF1,ING4,insig,posctl,0.06382978723404255,0.010869565217391304,0.03636363636363636,0.008771929824561403,-0.052960222016651244,-0.02759170653907496,,,True,True,True,True
CHD4_CDK2AP1,CHD4,CDK2AP1,down,decrease,0.016129032258064516,0.07894736842105263,0.0,0.08641975308641975,0.06281833616298811,0.08641975308641975,False,False,True,True,True,True
HDAC1_GATAD2B,HDAC1,GATAD2B,down,decrease,0.01639344262295082,0.017857142857142856,0.015625,0.0,0.0014637002341920356,-0.015625,False,True,True,True,True,True
HDAC1_MBD3,HDAC1,MBD3,down,decrease,0.024390243902439025,0.01639344262295082,0.05,0.03125,-0.007996801279488205,-0.018750000000000003,True,True,True,True,True,True
HDAC2_HMG20B,HDAC2,HMG20B,down,decrease,0.04225352112676056,0.0,0.0,0.0,-0.04225352112676056,0.0,True,False,True,True,True,True
HDAC2_MBD3,HDAC2,MBD3,down,decrease,0.09090909090909091,0.07407407407407407,0.0,0.0,-0.01683501683501684,0.0,True,False,True,True,True,True
HDAC2_RBBP4,HDAC2,RBBP4,down,decrease,0.06382978723404255,0.0,0.0,0.0,-0.06382978723404255,0.0,True,False,True,True,True,True
HDAC2_RCOR3,HDAC2,RCOR3,down,decrease,0.0,0.043478260869565216,0.0,0.0,0.043478260869565216,0.0,False,False,True,True,True,True
HDAC2_RREB1,HDAC2,RREB1,down,decrease,,0.09523809523809523,,0.0,,,,,True,False,True,True
HDAC3_CITED2,HDAC3,CITED2,up,increase,0.0,0.0,0.0,0.0625,0.0,0.0625,False,True,True,True,True,True
HDAC3_HMGN2,HDAC3,HMGN2,down,decrease,0.0,0.0,0.022727272727272728,0.0,0.0,-0.022727272727272728,False,True,True,True,True,True
HDAC3_NCOA5,HDAC3,NCOA5,down,decrease,0.0,0.0,0.01098901098901099,0.0,0.0,-0.01098901098901099,False,True,True,True,True,True
HDAC3_SMARCC1,HDAC3,SMARCC1,down,decrease,0.0,0.03225806451612903,0.0,0.0,0.03225806451612903,0.0,False,False,True,True,True,True
HDAC7_CTTNBP2NL,HDAC7,CTTNBP2NL,up,increase,0.0,0.0196078431372549,0.0,0.0,0.0196078431372549,0.0,True,False,True,True,True,True
HDAC7_UHRF1,HDAC7,UHRF1,down,decrease,0.0,0.019230769230769232,0.0,0.0,0.019230769230769232,0.0,False,False,True,True,True,True
KAT2A_TADA2A,KAT2A,TADA2A,down,decrease,0.0,0.018518518518518517,0.03529411764705882,0.0,0.018518518518518517,-0.03529411764705882,False,True,True,True,True,True
KMT2D_MGP,KMT2D,MGP,down,decrease,0.0,,0.0,,,,,,True,True,False,True
KMT2D_MLPH,KMT2D,MLPH,down,decrease,0.1,,0.0,,,,,,True,True,False,True
KMT2D_SPATS2L,KMT2D,SPATS2L,lost,decrease,0.0,,0.0,,,,,,True,True,False,True
KMT2D_WDR5,KMT2D,WDR5,insig,posctl,0.0,,0.0,,,,,,True,True,False,True
MORF4L1_BRD8,MORF4L1,BRD8,down,decrease,0.05660377358490566,0.0,0.04285714285714286,0.029411764705882353,-0.05660377358490566,-0.013445378151260505,True,True,True,True,True,True
MORF4L1_MRGBP,MORF4L1,MRGBP,down,decrease,0.0,0.014492753623188406,0.018867924528301886,0.02857142857142857,0.014492753623188406,0.009703504043126684,False,False,True,True,True,True
MSL1_EPS15,MSL1,EPS15,up,increase,0.0,0.0,0.0,0.0,0.0,0.0,False,False,True,True,True,True
MSL1_HIP1,MSL1,HIP1,up,increase,0.0125,0.0,0.03278688524590164,0.0,-0.0125,-0.03278688524590164,False,False,True,True,True,True
MSL1_KAT8,MSL1,KAT8,down,decrease,0.03816793893129771,0.0,0.013888888888888888,0.027777777777777776,-0.03816793893129771,0.013888888888888888,True,False,True,True,True,True
MSL1_MSL2,MSL1,MSL2,down,decrease,0.025210084033613446,0.041666666666666664,0.0975609756097561,0.0,0.01645658263305322,-0.0975609756097561,False,True,True,True,True,True
MSL1_MSL3,MSL1,MSL3,down,decrease,0.014925373134328358,0.047619047619047616,0.0,0.0,0.03269367448471926,0.0,False,False,True,True,True,True
PIM1_CALCOCO1,PIM1,CALCOCO1,gained,increase,0.0,0.045454545454545456,0.05263157894736842,0.0,0.045454545454545456,-0.05263157894736842,True,False,True,True,True,True
PIM1_GATAD2B,PIM1,GATAD2B,down,decrease,0.0,0.027777777777777776,0.0,0.0,0.027777777777777776,0.0,False,False,True,True,True,True
PIM1_GPRC5A,PIM1,GPRC5A,up,increase,0.018867924528301886,0.04054054054054054,0.0,0.0,0.021672616012238657,0.0,True,False,True,True,True,True
PIM1_MBD3,PIM1,MBD3,down,decrease,0.04878048780487805,0.039473684210526314,0.0,0.0625,-0.009306803594351737,0.0625,True,False,True,True,True,True
PIM1_MTA1,PIM1,MTA1,down,decrease,0.0,0.0,0.0,0.029411764705882353,0.0,0.029411764705882353,False,False,True,True,True,True
PIM1_RBBP4,PIM1,RBBP4,down,decrease,0.03125,0.022988505747126436,0.0,0.016666666666666666,-0.008261494252873564,0.016666666666666666,True,False,True,True,True,True
PPP1CA_HMGN1,PPP1CA,HMGN1,up,increase,0.02,0.06896551724137931,0.01098901098901099,0.0,0.048965517241379306,-0.01098901098901099,True,False,True,True,True,True
PPP1CA_PARP1,PPP1CA,PARP1,up,increase,0.047058823529411764,0.02857142857142857,0.0,0.03225806451612903,-0.018487394957983194,0.03225806451612903,False,True,True,True,True,True
PPP1CA_PPP1R13L,PPP1CA,PPP1R13L,up,increase,0.06,0.02608695652173913,0.021505376344086023,0.06896551724137931,-0.033913043478260865,0.047460140897293286,False,True,True,True,True,True
PPP1CA_RIF1,PPP1CA,RIF1,down,decrease,0.011764705882352941,0.0975609756097561,0.010309278350515464,0.034482758620689655,0.08579626972740316,0.024173480270174193,False,False,True,True,True,True
PPP1CA_TP53BP2,PPP1CA,TP53BP2,up,increase,0.038461538461538464,0.043478260869565216,0.030303030303030304,0.0,0.0050167224080267525,-0.030303030303030304,True,False,True,True,True,True
PPP1CC_EPPK1,PPP1CC,EPPK1,up,increase,0.012195121951219513,0.010309278350515464,0.024390243902439025,0.019230769230769232,-0.001885843600704049,-0.005159474671669793,False,False,True,True,True,True
PPP1CC_GAK,PPP1CC,GAK,down,decrease,0.022058823529411766,0.0,0.0375,0.0392156862745098,-0.022058823529411766,0.0017156862745098048,True,False,True,True,True,True
PPP1CC_MCM4,PPP1CC,MCM4,insig,posctl,0.0078125,0.07142857142857142,0.014492753623188406,0.017241379310344827,0.06361607142857142,0.0027486256871564214,,,True,True,True,True
PPP4C_CCDC6,PPP4C,CCDC6,up,increase,0.034482758620689655,0.06060606060606061,0.02666666666666667,0.046875,0.026123301985370953,0.02020833333333333,True,True,True,True,True,True
PRMT1_CSNK2A2,PRMT1,CSNK2A2,up,increase,0.0,0.0,0.0,0.06060606060606061,0.0,0.06060606060606061,False,True,True,True,True,True
PRMT1_FAM184B,PRMT1,FAM184B,lost,decrease,0.06666666666666667,0.0,0.0,0.0,-0.06666666666666667,0.0,True,False,True,True,True,True
PRMT1_MYCN,PRMT1,MYCN,gained,increase,0.0,0.0,0.09090909090909091,0.0,0.0,-0.09090909090909091,False,False,True,True,True,True
PRMT1_PRKACA,PRMT1,PRKACA,up,increase,0.043478260869565216,0.0,0.027777777777777776,0.02631578947368421,-0.043478260869565216,-0.0014619883040935672,False,False,True,True,True,True
PRMT1_S100A9,PRMT1,S100A9,up,increase,0.0,0.0,0.0,0.0,0.0,0.0,False,False,True,True,True,True
PRMT1_SHROOM3,PRMT1,SHROOM3,up,increase,,0.05555555555555555,,0.06451612903225806,,,,,True,False,True,True
PRMT1_STRBP,PRMT1,STRBP,up,increase,0.0,0.0,0.0,0.0,0.0,0.0,False,False,True,True,True,True
PRMT1_ZNF706,PRMT1,ZNF706,gained,increase,0.0,0.0,0.0,0.10714285714285714,0.0,0.10714285714285714,False,True,True,True,True,True
SIRT2_TUBB2B,SIRT2,TUBB2B,gained,increase,0.025,0.034482758620689655,0.0,0.0,0.009482758620689653,0.0,True,False,True,True,True,True
SMARCA4_AP2M1,SMARCA4,AP2M1,up,increase,0.00847457627118644,0.0380952380952381,0.018518518518518517,0.02654867256637168,0.02962066182405166,0.008030154047853164,True,True,True,True,True,True
SMARCA4_DPF2,SMARCA4,DPF2,down,decrease,0.04081632653061224,0.04081632653061224,0.013333333333333334,0.0,0.0,-0.013333333333333334,False,True,True,True,True,True
SMARCA4_GNAI2,SMARCA4,GNAI2,up,increase,0.0364963503649635,0.013333333333333334,0.022222222222222223,0.0,-0.023163017031630165,-0.022222222222222223,False,False,True,True,True,True
SMARCA4_BCL7B,SMARCA4,BCL7B,insig,posctl,0.008771929824561403,0.0,0.0,0.0,-0.008771929824561403,0.0,,,True,True,True,True
USP7_CUL3,USP7,CUL3,up,increase,,0.06451612903225806,,0.0,,,,,True,False,True,True
USP7_DNMT1,USP7,DNMT1,insig,posctl,0.0,0.04,0.0,0.03333333333333333,0.04,0.03333333333333333,,,True,True,True,True
YWHAE_CAMSAP3,YWHAE,CAMSAP3,up,increase,0.0,0.0,0.0,0.03125,0.0,0.03125,False,True,True,True,True,True
YWHAE_CDR2L,YWHAE,CDR2L,gained,increase,0.023809523809523808,0.017543859649122806,0.02857142857142857,0.04,-0.006265664160401002,0.01142857142857143,False,True,True,True,True,True
YWHAE_CNN3,YWHAE,CNN3,up,increase,0.038461538461538464,0.04054054054054054,0.07692307692307693,0.022222222222222223,0.002079002079002079,-0.0547008547008547,True,False,True,True,True,True
YWHAE_CORO1A,YWHAE,CORO1A,gained,increase,0.04,0.01694915254237288,0.03508771929824561,0.0,-0.02305084745762712,-0.03508771929824561,False,False,True,True,True,True
YWHAE_GIT1,YWHAE,GIT1,up,increase,0.03571428571428571,0.0,0.04411764705882353,0.043478260869565216,-0.03571428571428571,-0.0006393861892583161,False,False,True,True,True,True
YWHAE_GIT2,YWHAE,GIT2,up,increase,0.02127659574468085,0.045454545454545456,0.03571428571428571,0.1111111111111111,0.024177949709864605,0.07539682539682539,True,True,True,True,True,True
YWHAE_HAT1,YWHAE,HAT1,up,increase,0.0,0.09574468085106383,0.030303030303030304,0.027777777777777776,0.09574468085106383,-0.0025252525252525276,True,False,True,True,True,True
YWHAE_HTATSF1,YWHAE,HTATSF1,up,increase,0.020833333333333332,,0.009433962264150943,,,,,,True,True,True,False
YWHAE_MYCBP2,YWHAE,MYCBP2,up,increase,0.010869565217391304,0.03787878787878788,0.017543859649122806,0.012658227848101266,0.027009222661396576,-0.00488563180102154,True,False,True,True,True,True
YWHAE_PAK1,YWHAE,PAK1,gained,increase,0.017857142857142856,0.07692307692307693,0.0,0.03225806451612903,0.05906593406593407,0.03225806451612903,True,True,True,True,True,True
YWHAE_SYNJ2,YWHAE,SYNJ2,up,increase,0.022222222222222223,0.17391304347826086,0.0,0.02702702702702703,0.15169082125603864,0.02702702702702703,True,True,True,True,True,True
YWHAE_TK1,YWHAE,TK1,gained,increase,0.016666666666666666,0.13131313131313133,0.021739130434782608,0.0,0.11464646464646466,-0.021739130434782608,True,False,True,True,True,True
YWHAE_WDR7,YWHAE,WDR7,up,increase,0.0,0.0,0.09090909090909091,0.0,0.0,-0.09090909090909091,False,False,True,True,True,True
YWHAG_BAD,YWHAG,BAD,up,increase,0.09090909090909091,0.017543859649122806,0.04,0.0,-0.0733652312599681,-0.04,False,False,True,True,True,True
YWHAG_C1orf116,YWHAG,C1orf116,up,increase,0.0,0.017543859649122806,0.0,0.0,0.017543859649122806,0.0,True,False,True,True,True,True
YWHAG_EML3,YWHAG,EML3,up,increase,0.0,0.05714285714285714,0.02857142857142857,0.038461538461538464,0.05714285714285714,0.009890109890109893,True,True,True,True,True,True
YWHAQ_PFKFB2,YWHAQ,PFKFB2,up,increase,0.0,0.0625,0.07692307692307693,0.0,0.0625,-0.07692307692307693,True,False,True,True,True,True
YWHAQ_SRGAP2,YWHAQ,SRGAP2,gained,increase,,0.034482758620689655,,0.0,,,,,True,False,True,True
YWHAQ_FAM184B,YWHAQ,FAM184B,lost,decrease,0.15384615384615385,0.02631578947368421,0.0,0.0,-0.12753036437246965,0.0,True,False,True,True,True,True
YWHAE_EML3,YWHAE,EML3,up,increase,0.05,0.041666666666666664,0.0,0.0,-0.008333333333333338,0.0,False,False,True,True,True,True
YWHAE_YWHAG,YWHAE,YWHAG,up,increase,0.0,0.01694915254237288,0.02702702702702703,0.03225806451612903,0.01694915254237288,0.005231037489102003,True,True,True,True,True,True
HDAC3_CCN1,HDAC3,CCN1,up,increase,0.0,0.0,0.0,0.0,0.0,0.0,False,False,True,True,True,True
YWHAE_MBD3,YWHAE,MBD3,down,decrease,0.021739130434782608,0.0273972602739726,0.0,0.03225806451612903,0.005658129839189993,0.03225806451612903,False,False,True,True,True,True
YWHAE_MTA1,YWHAE,MTA1,down,decrease,0.0,0.02857142857142857,0.0,0.03125,0.02857142857142857,0.03125,False,False,True,True,True,True
SMARCA4_EPS15,SMARCA4,EPS15,up,increase,0.015384615384615385,0.0847457627118644,0.0,0.038461538461538464,0.06936114732724902,0.038461538461538464,True,True,True,True,True,True
BARD1_CITED2,BARD1,CITED2,up,increase,0.010416666666666666,0.1388888888888889,0.011494252873563218,0.08,0.12847222222222224,0.06850574712643678,True,True,True,True,True,True
PIM1_HDAC2,PIM1,HDAC2,insig,posctl,0.0625,0.0,0.0,0.0,-0.0625,0.0,,,True,True,True,True
YWHAG_YWHAE,YWHAG,YWHAE,insig,posctl,0.0,0.01694915254237288,0.02702702702702703,0.03225806451612903,0.01694915254237288,0.005231037489102003,,,True,True,True,True
