pair_id,bait,prey,mssEffect,expected_dir,n_combos,r_DMSO_mean,r_DMSO_sem,r_Vorino_mean,r_Vorino_sem,delta_r,paired_ttest_p,wilcoxon_p,n_concordant,frac_concordant,majority_concordant,concordant
AURKB_CCN1,AURKB,CCN1,up,increase,6,0.0512934503457802,0.019401112077373762,0.05965392831088284,0.01611951459760314,0.008360477965102654,0.7364411918639008,0.84375,4,0.6666666666666666,True,True
AURKB_CSRP2,AURKB,CSRP2,up,increase,6,0.04900838880707837,0.01706149103019938,0.06840462113056912,0.014235080711092432,0.019396232323490765,0.5486852783371968,0.5625,4,0.6666666666666666,True,True
AURKB_FBXO46,AURKB,FBXO46,up,increase,4,0.06499111740829641,0.015417808654189784,0.06116989094286927,0.015245843443693513,-0.0038212264654271383,0.4357238241218944,,1,0.25,False,False
BAP1_ARPC1B,BAP1,ARPC1B,down,decrease,9,0.07595546469527084,0.008970823404229219,0.0880102796272671,0.007835515502980842,0.012054814931996264,0.3491377093362738,0.65234375,5,0.5555555555555556,True,False
BARD1_ACTR2,BARD1,ACTR2,down,decrease,9,0.07663550611978753,0.01292380331953235,0.06579149479296954,0.014315229889416616,-0.010844011326817988,0.43356160928905185,0.359375,6,0.6666666666666666,True,True
BARD1_ARPC3,BARD1,ARPC3,down,decrease,9,0.06831632536458317,0.012190664062664655,0.08092532770518959,0.013395169408630225,0.01260900234060643,0.4566682256381138,0.5703125,4,0.4444444444444444,False,False
BARD1_ARPC4,BARD1,ARPC4,down,decrease,6,0.08368751474753179,0.00864804940805625,0.09176240596090042,0.012387428302436259,0.008074891213368629,0.6485908403186278,0.6875,2,0.3333333333333333,False,False
BARD1_CITED2,BARD1,CITED2,up,increase,9,0.08996388861329291,0.008757158460320975,0.09344227002477411,0.011366954602443176,0.003478381411481203,0.7760870073283973,0.5703125,5,0.5555555555555556,True,True
BARD1_FXR2,BARD1,FXR2,up,increase,6,0.10003495806344655,0.008921075658247277,0.07824412772545962,0.012842927182612797,-0.021790830337986927,0.1566564868100956,0.15625,2,0.3333333333333333,False,False
BAZ1B_IFIT3,BAZ1B,IFIT3,down,decrease,3,0.06129045688842968,0.008172809023070207,0.09229753379110213,0.02583279666734935,0.03100707690267246,0.34803542319531244,,1,0.3333333333333333,False,False
BAZ1B_MX2,BAZ1B,MX2,down,decrease,3,0.04886240930930217,0.017946658421843457,0.09752780793843956,0.0063578807185554285,0.04866539862913738,0.16814435594722066,,0,0.0,False,False
BAZ1B_PARP12,BAZ1B,PARP12,down,decrease,3,0.06666370084201127,0.016443972057769186,0.09235954826068682,0.002496480751509547,0.02569584741867556,0.2721669872696952,,1,0.3333333333333333,False,False
BRPF1_CPSF3,BRPF1,CPSF3,down,decrease,6,0.045492056669998886,0.007600375809781588,0.07133603239026659,0.012583518084123835,0.025843975720267708,0.036943827113340294,0.03125,0,0.0,False,False
BRPF1_IMMT,BRPF1,IMMT,down,decrease,3,0.08977626323733386,0.003977597130675931,0.10703084858419505,0.0154661829597381,0.017254585346861192,0.4392730594025498,,1,0.3333333333333333,False,False
CHD4_CDK2AP1,CHD4,CDK2AP1,down,decrease,9,0.05993907872977227,0.01075021238266996,0.094464310006482,0.008744356724646782,0.034525231276709735,0.06158300852763462,0.07421875,2,0.2222222222222222,False,False
HDAC1_GATAD2B,HDAC1,GATAD2B,down,decrease,9,0.08633021892029343,0.009806223519545947,0.061154642841433224,0.007372279382401928,-0.025175576078860208,0.038488322275232904,0.0546875,7,0.7777777777777778,True,True
HDAC1_MBD3,HDAC1,MBD3,down,decrease,6,0.0727762599115211,0.014956807914273167,0.09679793274353943,0.015284670290468495,0.024021672832018327,0.276411896235441,0.3125,2,0.3333333333333333,False,False
HDAC2_HMG20B,HDAC2,HMG20B,down,decrease,9,0.08094329878972974,0.013109835606010258,0.08334642170213707,0.011004917889765107,0.0024031229124073504,0.7427828027951175,0.65234375,6,0.6666666666666666,True,False
HDAC2_MBD3,HDAC2,MBD3,down,decrease,6,0.09226306155502596,0.008535151346289276,0.1074251837309143,0.01400888116677728,0.01516212217588834,0.48094552133451873,0.3125,1,0.16666666666666666,False,False
HDAC2_RBBP4,HDAC2,RBBP4,down,decrease,9,0.09304921955882148,0.014576643961668996,0.07740544758131332,0.0060696318591112455,-0.015643771977508165,0.2962760180627585,0.359375,5,0.5555555555555556,True,True
HDAC2_RCOR3,HDAC2,RCOR3,down,decrease,9,0.07994081707797168,0.008074682812106992,0.07607685836488068,0.005793303758129971,-0.0038639587130910144,0.7487372294589056,0.65234375,5,0.5555555555555556,True,True
HDAC3_CCN1,HDAC3,CCN1,up,increase,6,0.07226059209547503,0.019706866812043214,0.09162674709264897,0.012180416922727507,0.019366154997173934,0.40993995179281906,0.5625,3,0.5,False,True
HDAC3_CITED2,HDAC3,CITED2,up,increase,6,0.07918642392168038,0.015493011203215641,0.08313439185380626,0.009715600454832607,0.003947967932125877,0.8164656365990882,0.84375,3,0.5,False,True
HDAC3_HMGN2,HDAC3,HMGN2,down,decrease,6,0.047439840643838764,0.01658073775589101,0.05918004831788617,0.01018299138391953,0.011740207674047399,0.44658191938034136,0.4375,2,0.3333333333333333,False,False
HDAC3_NCOA5,HDAC3,NCOA5,down,decrease,6,0.0865083785432307,0.014553495788120586,0.09097898276673061,0.008628588360573229,0.004470604223499924,0.7748606026907465,1.0,4,0.6666666666666666,True,False
HDAC3_SMARCC1,HDAC3,SMARCC1,down,decrease,6,0.08218213458652336,0.016145022218692552,0.0651091219267033,0.008181628471948742,-0.017073012659820058,0.4386122478308035,0.4375,4,0.6666666666666666,True,True
HDAC7_CTTNBP2NL,HDAC7,CTTNBP2NL,up,increase,6,0.06264532057958348,0.01565263584810497,0.10417563392120821,0.0095842748886046,0.04153031334162472,0.04370814425206265,0.09375,5,0.8333333333333334,True,True
HDAC7_UHRF1,HDAC7,UHRF1,down,decrease,2,0.08185211353988014,0.02639845988862145,0.09576460657788874,0.024579867216227413,0.013912493038008594,0.8303904374789732,,1,0.5,False,False
KAT2A_TADA2A,KAT2A,TADA2A,down,decrease,6,0.11568910145357397,0.00752540101885243,0.07273750231057553,0.00520926313524286,-0.042951599142998446,0.001126284682852025,0.03125,6,1.0,True,True
MORF4L1_BRD8,MORF4L1,BRD8,down,decrease,6,0.06426399955658225,0.014995835009593275,0.07571266850188639,0.01127531578173247,0.011448668945304136,0.6059390728635472,0.6875,3,0.5,False,False
MORF4L1_MRGBP,MORF4L1,MRGBP,down,decrease,6,0.07367577973642299,0.013128589098074711,0.059196995903639076,0.012021290970420576,-0.014478783832783925,0.5522516141832061,0.6875,3,0.5,False,True
MSL1_EPS15,MSL1,EPS15,up,increase,3,0.06618943815594616,0.008589672700929436,0.08329721037518263,0.007197652195004896,0.017107772219236473,0.35184482156409946,,2,0.6666666666666666,True,True
MSL1_HIP1,MSL1,HIP1,up,increase,1,0.08456464174405594,,0.06825486504507502,,-0.016309776698980913,,,0,0.0,False,False
MSL1_KAT8,MSL1,KAT8,down,decrease,3,0.08858733996231587,0.019102868679711213,0.08942681080914062,0.014529938048119499,0.0008394708468247534,0.9409152354729426,,2,0.6666666666666666,True,False
MSL1_MSL2,MSL1,MSL2,down,decrease,3,0.08745530368084141,0.007227406163810088,0.07314135509909828,0.010099576513491235,-0.014313948581743112,0.04807826542738752,,3,1.0,True,True
MSL1_MSL3,MSL1,MSL3,down,decrease,1,0.0661187576689365,,0.06623167814224938,,0.00011292047331287747,,,0,0.0,False,False
PIM1_CALCOCO1,PIM1,CALCOCO1,gained,increase,9,0.05202207583065449,0.012509040050455169,0.07494182802239804,0.005031536249660347,0.02291975219174354,0.19193826575739248,0.30078125,7,0.7777777777777778,True,True
PIM1_GATAD2B,PIM1,GATAD2B,down,decrease,9,0.07863078613378328,0.005934540542872635,0.059552252466606476,0.008754612619199619,-0.019078533667176815,0.0889756656270438,0.1640625,6,0.6666666666666666,True,True
PIM1_GPRC5A,PIM1,GPRC5A,up,increase,6,0.06113916688106396,0.015402708580775996,0.06711338844691751,0.005116921260929107,0.005974221565853566,0.69931763636116,0.6875,4,0.6666666666666666,True,True
PIM1_MBD3,PIM1,MBD3,down,decrease,6,0.10657953844310646,0.01622740359228803,0.07719002442344818,0.0034445475538238597,-0.02938951401965828,0.1501422314743434,0.15625,5,0.8333333333333334,True,True
PIM1_MTA1,PIM1,MTA1,down,decrease,9,0.06894579169218645,0.013869624447230831,0.06459444830354956,0.00993641154049058,-0.0043513433886368915,0.6985834633758082,0.734375,5,0.5555555555555556,True,True
PIM1_RBBP4,PIM1,RBBP4,down,decrease,9,0.08353913407018596,0.012071956105126154,0.07164440938052115,0.009253947017744768,-0.011894724689664817,0.43307579902355486,0.42578125,7,0.7777777777777778,True,True
PPP1CA_HMGN1,PPP1CA,HMGN1,up,increase,9,0.07597925034664466,0.010108072732210607,0.08212561177804287,0.007253667741511981,0.006146361431398216,0.4314085510581833,0.49609375,6,0.6666666666666666,True,True
PPP1CA_PARP1,PPP1CA,PARP1,up,increase,9,0.06592486940865626,0.010320004967747974,0.07919482455234748,0.006208689328732851,0.013269955143691217,0.18668457004796438,0.12890625,8,0.8888888888888888,True,True
PPP1CA_PPP1R13L,PPP1CA,PPP1R13L,up,increase,9,0.08712220593944958,0.015088703361200044,0.07009024239056862,0.010684645473708058,-0.017031963548880993,0.32410783926193504,0.734375,5,0.5555555555555556,True,False
PPP1CA_RIF1,PPP1CA,RIF1,down,decrease,6,0.050489058636009464,0.017157630825962288,0.06330696227183742,0.012957097405921485,0.012817903635827965,0.6636726193308782,1.0,3,0.5,False,False
PPP1CA_TP53BP2,PPP1CA,TP53BP2,up,increase,9,0.06618403417750367,0.012250123628575388,0.07248718066601788,0.010732210741470525,0.006303146488514219,0.6308454160241893,0.91015625,4,0.4444444444444444,False,True
PPP1CC_EPPK1,PPP1CC,EPPK1,up,increase,9,0.05478761094859008,0.013313588159035003,0.07340689854852323,0.011133121548163807,0.018619287599933147,0.4054066381714665,0.359375,5,0.5555555555555556,True,True
PPP1CC_GAK,PPP1CC,GAK,down,decrease,9,0.07034646461342497,0.01054003993877002,0.05728986760611573,0.00876544364602665,-0.013056597007309248,0.4652361573630258,0.8203125,4,0.4444444444444444,False,True
PPP4C_CCDC6,PPP4C,CCDC6,up,increase,6,0.062671098755937,0.00637414651527469,0.06529451116023628,0.010570506015735103,0.0026234124042992754,0.855608316006257,0.84375,2,0.3333333333333333,False,True
PRMT1_CSNK2A2,PRMT1,CSNK2A2,up,increase,9,0.08256286016664534,0.009284987614874864,0.0917045461482053,0.016162044975607633,0.00914168598155994,0.6556202916998266,0.65234375,6,0.6666666666666666,True,True
PRMT1_MYCN,PRMT1,MYCN,gained,increase,3,0.08591815050536245,0.0067447709048521955,0.06461668099993689,0.02324558421820849,-0.02130146950542554,0.34142474512479304,,1,0.3333333333333333,False,False
PRMT1_PRKACA,PRMT1,PRKACA,up,increase,9,0.06329068803900548,0.007176074206626911,0.0901921833897274,0.011294511416588472,0.026901495350721918,0.05489710329764993,0.0546875,7,0.7777777777777778,True,True
PRMT1_S100A9,PRMT1,S100A9,up,increase,9,0.04472554373170887,0.010258153522632483,0.07469750655303913,0.006955538064937869,0.02997196282133025,0.026125673653541587,0.02734375,8,0.8888888888888888,True,True
PRMT1_STRBP,PRMT1,STRBP,up,increase,9,0.053341059500583064,0.009346919704396195,0.095586385865441,0.009498661770486944,0.042245326364857935,0.003337179932242716,0.00390625,9,1.0,True,True
PRMT1_ZNF706,PRMT1,ZNF706,gained,increase,9,0.05024893709263632,0.016018446775053718,0.07539670342640163,0.00837896245280737,0.025147766333765295,0.15031592463836854,0.359375,6,0.6666666666666666,True,True
SIRT2_TUBB2B,SIRT2,TUBB2B,gained,increase,9,0.06251664255562966,0.01215783053199987,0.07718495489322438,0.009536760779595888,0.014668312337594731,0.4621011330979201,0.42578125,6,0.6666666666666666,True,True
SMARCA4_AP2M1,SMARCA4,AP2M1,up,increase,9,0.09051222709958409,0.013799106049738536,0.0865678930265728,0.00978395163273236,-0.003944334073011291,0.7908914800825027,0.91015625,5,0.5555555555555556,True,False
SMARCA4_DPF2,SMARCA4,DPF2,down,decrease,9,0.08685969593422486,0.011981593241240733,0.06885631407832482,0.01477988729653029,-0.018003381855900037,0.37624417769978924,0.65234375,5,0.5555555555555556,True,True
SMARCA4_EPS15,SMARCA4,EPS15,up,increase,9,0.06628519762926323,0.010224627904995834,0.05958833666464663,0.00913400651754428,-0.006696860964616592,0.6247926291583851,0.8203125,5,0.5555555555555556,True,False
SMARCA4_GNAI2,SMARCA4,GNAI2,up,increase,9,0.09153781867355565,0.00828409890456318,0.06129243237357376,0.014389171594640598,-0.030245386299981896,0.10850969837663053,0.09765625,2,0.2222222222222222,False,False
YWHAE_CAMSAP3,YWHAE,CAMSAP3,up,increase,9,0.071754772133729,0.008404770460617527,0.08137191569989882,0.00980804873021491,0.009617143566169831,0.5243870027150248,0.5703125,6,0.6666666666666666,True,True
YWHAE_CDR2L,YWHAE,CDR2L,gained,increase,9,0.08389538074388209,0.010047747932361989,0.0658812055958075,0.010384383933985998,-0.01801417514807459,0.32475723226814096,0.49609375,3,0.3333333333333333,False,False
YWHAE_CNN3,YWHAE,CNN3,up,increase,9,0.07819880566704386,0.010365692585548857,0.08380111702889359,0.00720657554102963,0.005602311361849737,0.6091524371546782,0.734375,5,0.5555555555555556,True,True
YWHAE_CORO1A,YWHAE,CORO1A,gained,increase,9,0.06961169132069492,0.011122808672035932,0.09659603121200609,0.007276847567062616,0.026984339891311174,0.03307383358818293,0.12890625,8,0.8888888888888888,True,True
YWHAE_EML3,YWHAE,EML3,up,increase,9,0.08033940244219075,0.011387157563370645,0.10628078868815966,0.009513996360000032,0.025941386245968916,0.10211812418449291,0.25,6,0.6666666666666666,True,True
YWHAE_GIT1,YWHAE,GIT1,up,increase,9,0.08975104986019365,0.00882620304908831,0.08174864378232041,0.011692595062223218,-0.008002406077873248,0.5543508031888016,0.65234375,4,0.4444444444444444,False,False
YWHAE_GIT2,YWHAE,GIT2,up,increase,9,0.06507142355949874,0.004203953241002193,0.101407286380348,0.009822227499671854,0.03633586282084927,0.010437764585412845,0.01171875,8,0.8888888888888888,True,True
YWHAE_HAT1,YWHAE,HAT1,up,increase,9,0.04170384713384625,0.010226631092103275,0.0640726899612668,0.01117547303480886,0.02236884282742056,0.28723286273440274,0.359375,6,0.6666666666666666,True,True
YWHAE_MBD3,YWHAE,MBD3,down,decrease,6,0.09261497724176315,0.011501635180522874,0.10088611114240342,0.00775933172454396,0.008271133900640272,0.5231814850644374,0.5625,2,0.3333333333333333,False,False
YWHAE_MTA1,YWHAE,MTA1,down,decrease,9,0.061243674917289624,0.00613954922342268,0.0735571224076004,0.007118066977365619,0.012313447490310776,0.23939455726592612,0.25,3,0.3333333333333333,False,False
YWHAE_MYCBP2,YWHAE,MYCBP2,up,increase,9,0.07202168818879603,0.014119259014220285,0.09285115604563002,0.00880234762715437,0.02082946785683397,0.20129550660572823,0.1640625,7,0.7777777777777778,True,True
YWHAE_PAK1,YWHAE,PAK1,gained,increase,9,0.06907557246659628,0.011624003434364047,0.07957081812460226,0.012355098658527184,0.010495245658005992,0.6286487896640365,0.91015625,4,0.4444444444444444,False,True
YWHAE_SYNJ2,YWHAE,SYNJ2,up,increase,6,0.08044602082766007,0.013531760578432386,0.1026896237656824,0.006597130733027029,0.0222436029380223,0.3013224410117818,0.15625,4,0.6666666666666666,True,True
YWHAE_TK1,YWHAE,TK1,gained,increase,9,0.06647117606933141,0.012012496612759585,0.10218418948817208,0.009642495023625934,0.03571301341884068,0.08957298495630284,0.1640625,7,0.7777777777777778,True,True
YWHAE_WDR7,YWHAE,WDR7,up,increase,9,0.08206165567850597,0.00776210778803299,0.08270017553621895,0.007744462236750785,0.0006385198577129749,0.960441279566486,0.91015625,5,0.5555555555555556,True,True
YWHAE_YWHAG,YWHAE,YWHAG,up,increase,9,0.05447894287295679,0.005344760086282537,0.08775699846997617,0.006594091442931954,0.033278055597019386,0.013200170708628679,0.01953125,8,0.8888888888888888,True,True
YWHAG_BAD,YWHAG,BAD,up,increase,9,0.06972138415360808,0.007368550390174787,0.09919497765788804,0.007891148720362855,0.029473593504279957,0.07016854743603343,0.0390625,7,0.7777777777777778,True,True
YWHAG_C1orf116,YWHAG,C1orf116,up,increase,9,0.06962682935918303,0.011000534572738786,0.07870248609429159,0.0077219528892363215,0.009075656735108564,0.5570903347849885,0.25,7,0.7777777777777778,True,True
YWHAG_EML3,YWHAG,EML3,up,increase,9,0.06379545565728312,0.008262622545019648,0.10101091455891997,0.006942065686002783,0.03721545890163686,0.004467714519131853,0.0078125,8,0.8888888888888888,True,True
YWHAQ_PFKFB2,YWHAQ,PFKFB2,up,increase,3,0.08051883022322955,0.015541260671022985,0.06957000396653973,0.018099546198973828,-0.01094882625668981,0.7361104902565522,,1,0.3333333333333333,False,False
